S.No,ApplicationName,VendorName,APP Use Case/Purpose of the application,Ticket Number,Vertical,TitanSPOC,OverAll,TPRM_Status,TPRM_Remarks,VAPT_Status,VAPT_Remarks,IAM_Status,IAM_Remarks,SOC_Status,SOC_Remarks,SecControls_Status,SecControls_Remarks,AssessmentStartDate,App URL ,Column1,Column2
1, AI-powered marketing technology (MarTech) platform for B2C brands,Netcore Cloud Private Limited,Search intelligence on ecom platform integrated with Titans Ecom,0,Eyeplus,naveenn@titan.co.in,Closed,Closed,,Cleared,,Closed,,Closed,,Closed,,,,,
2,Adobe Cloud (Titan Eye Plus  & Fastrack Eyewear E-Commerce Platform),Adobe (OEM) & Uppercliff (Current SI) & Adobe Professional Services (SI for Migration to Adobe Commerce Cloud),B2C e-commerce platform for eyewear and Fastrack,RITM0042427,Eyeplus,naveenn@titan.co.in,In-Progress,In Progress,"Vendor team subimtted the assessment on Jan 6th, under review",In Progress,29-12-2025 we have received the credentials for testing. we initiated he testing,Cleared,"SSO - Supported
SCIM/AutoProvisioing - Supported
User Count: Yet to confirm by team",In-Progress,"Yes - frontend in titan AWS
Shared Questionerie to get details for back end",In-progress,"AWS security has been enabled at the infrastructure level, and a private connection between AWS and Adobe has been provisioned as per the requirements from Naveen’s team. 
Adode SOC 2 type 2 report under Review",10/16/2025,,,
3,Agentic DBA,,"GenAI assisted end-to-end tool which takes care of  DBA tasks of :
1.  validating multi-level approvals , 
2. writing SQL queries  (currently scope is Amazon Redshift ) for user-onboarding , access-changes and offboarding  related requirements.
3.  Deployment  post a human in the loop review.",RITM0041861,Analytics and DB Team,aryam@titan.co.in/ dbiswas@titan.co.in,Closed,Closed,,Cleared,,Closed,"SSO- Supported,
SCIM-Yet to confirm  with the application team,
User count- Yet to confirm  with the application team",Cleared,"SOC-Yes,LOG-Yes, Incident=Yes, Titan AWS",Closed,"AWS security has been enabled at the infrastructure level, and a private connection between AWS and Adobe has been provisioned as per the requirements from Naveen’s team.",10/14/2025,,,
4,Alteryx One,Alteryx One,Running Data Analytics for Audit Data,RITM0042093,IA Team,ashishdeshpande@titan.co.in,Closed,Closed,Triggered assessment to vendor SPOC,Cleared,,Closed,"SSO - Enabled 
SCIM/AutoProvisioing - Supported
User Count: 15–20 FTE users ",Cleared,"SOC-No,LOG-No",Closed,"Waiting for AWS architecture diagram
Based on the SOC2 type 2 report Major security controls are enabled",10/24/2025,,,
5,aSMSC Phoenix,V-Connect Systems & Services Private Limited,Sending SMS from Titan and Fastrack watchs Mobile app for registration,0,Wearables,Manish@titan.co.in,In-Progress,Cleared,,In Progress,11-11-2025 we have received and 13-12-2025 we have requested for Certin empanelled VAPT Report,Yet to connect,,In-Progress,"SOC(Belongs to ctrls), questionarie send on jan 6th to get artifacts",In-Progress,"SOC2 type report is not valid report
16-12-2025 sent follow up mail",10/14/2025,,,
6,BetterPlace,,"Vendor employees invoices, attendance and payments tracking",0,CORP-HR,senthilkumaru@titan.co.in,In-Progress,Cleared,"Sent out the emailer to re initiate the assessment, awaiting details, reminder sent on 22/12/2025",In Progress,9-11-2025 we have received and 18-11-2025 we have Requested for SBOM and requested for artifacts for mobile security controls. 05-01-2025 we have sent a follow up for SBOM,In Progress,"UAT SSO is confihe application currently does not support the standard Joiner–Mover–Leaver (JML) process. Additionally, there is a design limitation whereby the system can only support either local authentication or IdP-based authentication, but not both concurrently. To date, we have not received any confirmation, roadmap, or commitment from the application team on which authentication method will be enabled or how this limitation will be addressed to ensure compliance with IAM requirements.",In Progress,"Controls missing in SOC2 , email sent on jan 6 to get artifacts",Cleared,,10/11/2025,,,
7,BHUGOL ANALYTICS,,Commercial Property Rental Index provider,0,Retail Network Development,,Completed,Cleared,,Cleared,,Cleared,Not Applicable,Cleared,Not Applicable,Cleared,NA,9/10/2025,,,
8,Bizom (Trade SO App),Mobisy,We are implementing Titan sales officer and RS sales officer order taking with tracking for dealers.,RITM0041996,Eyeplus,ramasubramaniant@titan.co.in,Completed,Cleared,,Cleared,Pending from vendor. receiving the VAPT report from the CERT-In partner,Cleared,"SSO -  Supported
SCIM/AutoProvisioing - To be confirm by Vendor
User Count: 50+ FTE, 25 NON FTE(No Titan email Accounts)",Cleared,SOC2 type 2 is valid,Cleared,SOC2 type 2 is valid,10/14/2025,,,
9,Blancco Drive Eraser,ROX,Blancco Drive Eraser,0,Infra Team,sminu@titan.co.in,Completed,Cleared,,Cleared,Not Applicable,Cleared,Not Applicable,Cleared,Not Applicable,Cleared,NA,,,,
10,Campsyte ,Primathon,Campainging within the Titan Orgnanization,0,Analytics,shrimanth@titan.co.in,Completed,Cleared,,Cleared,Completed on 10th Oct 2025,Cleared,It supports SSO & JML,Cleared,Yes,Cleared,AIML-NON-PROD and AIML-PROD accounts have been provisioned with all required security controls enabled at both the infrastructure and network levels.,7/7/2025,,,
11,Centralized BRSR data collection platform,PWC,To help consolidate and validate data for the Company's Business Responsibility and Sustainability Report (BRSR) compliance report. ,RITM0043542,CORP,aisvarya_s@titan.co.in,In-Progress,In progress,17-12-2025 trigerred assessment to vendor spoc,Cleared,We have reviewed and approved the report,Cleared,"The  app is supporting mobile platform and will be hosted on AWS titan environment.
SSO -  IAM and  SSO integration is manged in AWS .
User Count: 150 users ",Cleared,"no critical data, not requried",Cleared,Based on the SOC2 type 2 report Major security controls are enabled,,,,
12,Centralized BRSR data collection platform,Living things,"An energy analytics platform that aggregates four years of electricity data from L1 stores to provide carbon emission insights, usage trends, penalty details, and incentive opportunities, supporting BRSR and Scope 2 reporting without storing sensitive information.",RITM0043542,CORP,aisvarya_s@titan.co.in,In-Progress,In Progress,"12/15/2025 highlighted the flagged risks to the vendor team, awating response",In Progress,12-12-2025 we have received and reviewed the reports and 15-12-2025 sent an email for proper VAPT report from certin empanelled vendor should be submitted,Yet to connect,,Cleared,"no critical data, not requried",Cleared,Not Applicable,,,,
13,CMS (Carrier Management System),Acuver Consulting ,"Carrier Management System(CMS) is acting like an aggregator Bluedart, eKart  and future any other services may be incorporated",RITM0042572,ECOM,Thulasidhasan_M@titan.co.in and damodaran@titan.co.in,Closed,Cleared,,In Progress,10-11-2025 VAPT initiated and 14-11-2025 report has been sent to dev team Web app VAPT - 10 medium  are  yet to be fixed by dev team. Follow up sent on 05-01-2026,Cleared,"SSO - Not Required ( Public facing Application and AWS roles is managing the Internal Authentication)
SCIM/Auto Provisioning - Not Required and Feasible  
User Count: Unknown as will be used by  Consumers ",Cleared,Yes,Cleared,The AWS CT team has handed over the accounts along with the implemented infrastructure-level and network level security controls,10/9/2025,,,
14,Corporate Business Gifting (CBG) website,,,0,,,New Request,yet to connect,,,,Yet to connect,,,,Yet to connect,,,,,
15,Cpass,Alendei Platforms Private Limited,"SMS,RCS and Whatsapp Campaings",RITM0043469,TCLNA,"vedantborkar@titan.co.in
abhinayav@titan.co.in",In-Progress,Cleared,,In Progress,3-12-2025 we have requested for the reports. 15-12-2025 we have received and 16-12-2025 we have mailed them for the proper VAPT report from certin empanelled vendor and also we performed and submitted SBOM,In Progress,"SSO- Supported
SCIM-Waiting for vendor response",In Progress,"Email sent to get Arifacts, incidnet procedure - yes, soc not clear",In-Progress,Under review,12/8/2025,,,
16,Datahash,,Publishing Titan products advertisement to social media,0,IRTH,,Completed,Cleared,,Cleared,,Cleared,Not Required with Titan ID hence no SSO,Cleared,Yes,Cleared,"Assessment completed based on Received SOC2,VAPT reports and artifacts",7/5/2025,,,
17,DELL Storage Replication Setup/DC-DR Implementation,Tata Elxsi Limited,Storage solution - DC| DR setup,0,"TEAL-1, TEAL-2, TEAL-5, Pune ,Chennai",subbagallaabraham@titan.co.in/ senthilkumarkanagaraj@titan.co.in,Completed,Cleared,Not Required,Cleared,Hardware ,Cleared,Not Required,Cleared,,Cleared,NA,11/17/2025,,,
18,Excel-Insights Application,,Excel_Insights is a web-based analytics application that transforms raw Excel data into meaningful insights,RITM0046549,,gantalalitha@titan.co.in/mamathadl@titan.co.in,Closed,yet to connect,,,,Yet to connect,,,,,,,,,
19,Fastrack Vibes 5.0 AI Smart Glass,Focally,"Enable AI-powered features on smart glasses to enhance user experience in daily life, entertainment, and productivity.",0,Wearables,avi_kumar@titan.co.in,Closed,Cleared,,In Progress,Project is under implementation,Cleared,"Hosted in AWS, IAM will be managed by AWS",Cleared,Yes,Cleared,The AWS CT team has handed over the accounts along with the implemented infrastructure-level and network level security controls,10/30/2025,,,
20,Fittingbox Virtual Try-On / VTO Advanced,FITTINGBOX SA,The image is sent anonymously (base64 encoded image without identifable information) to a server to generate a generic 3D face.,RITM0044714,,naveenn@titan.co.in,Not Yet Started,yet to connect,,,,Yet to connect,,Yet to connect,,,,,,,
21,Footfallcam Analytic Manager,FootfallCam UK Limited,"Cloud-based people-counting and footfall analytics system that collects and analyzes visitor traffic data from in-store sensors to provide real-time occupancy, sales-conversion metrics, and traffic patterns.",0,IBD_Jew,ManishM@titan.co.in; shrutiSrinivasan@titan.co.in,Closed,Closed,"Received Assessment from the Titan SPOC and Vendor, having Queries to calrify, waiting for another round of discussion with the team. Currently vendor kept on hold",Cleared,had meeting with the Vendor and App is supporting the Entra SSO and we would support as discussion matures,Closed,,Closed,Observed that reports are 2023 need guidance form the team,Closed,,8/27/2025,,,
22,Freshworks,,Customer Complaint Live chat,0,Corp-HR,,Completed,Cleared,,Cleared,,Cleared,Not Required with Titan ID hence no SSO,Cleared,Yes,Cleared,"Assessment completed based on Received SOC2,VAPT reports",7/10/2025,,,
23,GoFynd,,,RITM0044299,,naveenn@titan.co.in,Not Yet Started,yet to connect,,,,Yet to connect,,,,Yet to connect,,,,,
24,Hearing Aids,SIVANTOS INDIA PRIVATE LIMITED,"Providing Audiological Services via remote location,Data such as Titian's customers and their audiograms are stored on Titan's endpoints.Satellite & Maestro are audiometer hardware and software developed by Inventis.Remote access is needed for administering the hearing assessments.",0,Eyeplus,naveenn@titan.co.in,Completed,Cleared,,Cleared,Not Applicable,Cleared,Not Applicable,Cleared,Not Applicable,Cleared,NA,9/25/2025,,,
25,Icsportal,ICS Mobile Private Limited,"ICS provides API-based messaging services that enable bulk communication across multiple channels, including SMS, WhatsApp, and Rich Communication Services (RCS).",0,Wearables,Manish@titan.co.in,Closed,Closed,,Cleared,Yet to receive VAPT Report after kick off meeting,Closed,,Closed,,Closed,,,,,
26,In-House Digital Content Monitoring Software(CMS),VRV INFO LED PVT LTD(In-House Digital Content Monitoring Software Implementation ),Software development and maintenance of content management solution. Display Tanishq's marketing creatives on in store displays,RITM0042245,Retail Tanishq,swatiswain@titan.co.in/Ganesh,In-Progress,Cleared,,In Progress,Project is under implementation,Cleared,SSO is currently not enabled as the application will be used by only two users. ,Cleared,This Titan AWS,Cleared,The AWS CT team has handed over the accounts along with the implemented infrastructure-level and network level security controls,10/23/2025,,,
27,Intregrity Matter,,WhisleBlower,0,Ethics,,Completed,Cleared,,Cleared,shared the report and waiting for reponse,Cleared,Not Required with App Onboarding ,Cleared,Yes,Cleared,"Approved based on Received ISO Certificate, Audit Report, WAPT report and artifacts",7/7/2025,,,
28,IOT Petrust app,Petrust,Machine communication using IOT Devices,0,TEAL,Senthilkumar.ct@titan.co.in,In-Progress,Cleared,Inhouse app,In Progress,Project is under implementation,Yet to connect,,Cleared,This Titan AWS- ( Teal AWS),Cleared,The AWS CT team has handed over the accounts along with the implemented infrastructure-level and network level security controls,17-09-2025,,,
29,Irame AI,Irame Labs Private Limited,"To implement a robust, automated solution that validates Advertising & Marketing (A&M) Expenses for Print Media across 100% of the population using AI-driven document parsing and rule-based validations. The solution will ensure accuracy, transparency, and audit-readiness by verifying and reconciling information across multiple supporting documents.",RITM0043549,Corporate IT (Shashikala vertical),shivakumar@titan.co.in,In-Progress,Cleared,,In Progress,Meeting on 11-12-2025. Testing in progress,Cleared,"SSO- Can be done, JML is also supported",Cleared,"Yes, deployed Titan Aws ",In-Progress,In-House Application,12/11/2025,,,
30,Kaily AI [formerly Copilot.live],Shopsense Retail Technologies,"Kaily.ai (formerly Copilot.live) is a no-code conversational AI agent platform designed to create, deploy, and run AI agents (chatbots/voice agents) across multiple channels – website widget, WhatsApp, voice calls, mobile apps, etc.",RITM0043279,AI products,,Not Yet Started,yet to connect,,,,Yet to connect,"SSO- Yet to connect with the vendor,
SCIM-Yet to connect with the vendor,
User- ",,,,,,,,
31,Kudos, Advantage Club,Internal Instant RnR portal for Onroll and Offroll employees,RITM0044516,, venkatareddyv@titan.co.in,In-Progress,In Progress,"Assessment in progress with Vendor SPOC, reminder sent on 26th Dec'25",In Progress,Meeting on 25-11-2025 we have requested VAPT report. Yet to receive  ,Cleared,Not Applicable,Check,,Yet to connect,Waiting for SOC 2,11/25/2025,,,
32,Lesconcierges Services,Undertaking of PII and non utilization of titan email id,"Access the serives like provide restaurant recommandation, booking tickets..etc",0,Corp-Admin,,Completed,Cleared,,Cleared,Shared Document Is not Proper Vapt Report,Cleared,"Public application, SSO is not required",Cleared,No,Cleared,"No SOC2 type 2 report and started assessment with artifacts. But Artifacts are not satisfactory 
Vendor is going to submit again proper artifacts as discussed in the meeting",7/16/2025,,,
33,M/S Effigo ,Ebob procurement solution,"A combination of different sourcing methodologies with award Management process eliminating manual work and digitalizing the procurement process. This includes customized solution for Titan’s solitaire and diamond auction along EffiGO’s comprehensive auction tool.Procurement Automation , Reverse Auctions , Forward Auctions , RFQ , PR to PO Automation , PO to Pay Automation , Vendor Onboarding , ESG Evaluation, the application is hosted in the Titan in-house infrastructure, and the access will be available for the buyers and vendors over the internet.",RITM0043564,Jewellery-Hosur,selvarajanp@titan.co.in,In-Progress,Cleared,,In Progress,17-12-2025 we have shared the report. - 2 High and 7 medium vulnerabilities are yet to be fixed by dev team,Yet to connect,,Hold,Team has to give the pre assement form,Hold,This app HOLD for security controls by Business Team due to migration to Titan Environment,,,,
34,Maintenance management  System,Expert Digital Support ,Web based system used to daily machine breakdown entry by shift wise and every end of shift the daily logbook report will send through mail.,RITM0041897,Maintanence -TEAL,surabhisuresh@titan.co.in,In-Progress,Cleared,,In Progress,"Pending from surabhi, we are unable to test the application as we cannot access",Cleared,"SSO - Supported OIDC
SCIM/AutoProvisioing - Yet to know (Application Team to confirm on this activity)
User Count: 4 Users - FTE",Cleared,"As application hosted in On premises, it is integarted to titan Soc,",Cleared,Not Applicable,10/29/2025,,,
35,Medibuddy,Medibuddy,Insurance Claim at Retail Store for Eye Lens,0,Eyeplus,ramasubramaniant@titan.co.in,Completed,Cleared,,Cleared,Not Applicable,Cleared,There are no SSO required as it will be from POS system to Meddibuddy team interaction,Cleared,Not Applicable,Cleared,NA,9/3/2025,,,
36,Mendix,,Watch Service App,0,Wearbales,,Completed,Cleared,,Cleared,,Closed,No Connect at the Moment with the Vendor,Cleared,Yes,Cleared,"Assessment completed based on Received SOC2,VAPT reports and artifacts",6/30/2025,,,
37,Mendix (TEAL),Mendix,SRM to SAP Business Quality transfer,0,TEAL,sankararaman@titan.co.in,In-Progress,Cleared,,In Progress,30-10-2025 we have shared the report Web app VAPT - 3 medium vulnerabilities are yet to be fixed by dev team,Yet to connect,,Cleared,,Cleared,Based on the SOC2 type 2 report Major security controls are enabled,10/13/2025,,,
38,Minitab,Swajyot Technologies Pvt. Ltd.,MSS is statistical analysis software; the optional AI feature summarizes analysis results to aid interpretation; no autonomous actions.,RITM0043556,Watches & Wearables-Hosur QC,rajakumar@titan.co.in,Completed,Cleared,,Cleared,Not Applicable,Cleared,Not Applicable,Cleared,Not Applicable,Cleared,NA,22-10-2025,,,
39,mirrAR Voice AI,mirrAR,"mirrAR Voice AI enables Tanishq UAE to automate inbound and outbound voice interactions—appointment reminders, customer follow-ups, feedback collection, enquiries, and store visit coordination—using AI voice agents. The solution improves customer experience and reduces manual workload.",RITM0044068,,naveenn@titan.co.in,Not Yet Started,yet to connect,,,,Yet to connect,,,,,,,,,
40,MoEngage marketing solution,MoEngage,"MoEngage has Business Units (BU) including HR, IT, Sales, Marketing, Finance, Support, Engineering, and Project departments. Each BU is managed by BU Managers who oversee day-to-day operations and appoint department champions for enforcing security and privacy policies.",RITM0043804,,santoshkv@titan.co.in,Completed,Cleared,,Cleared,"9-12-2025 we have requested for AI AppSec VAPT and Red Teaming Report – Pending
AI Security Guard Tools – Pending",Cleared,"SSO - Supported SAML
SCIM/AutoProvisioing - Supported, 
User Count:  5200 Users (FTE & NonFTE users details yet to confirm by Titan SPOC)",Cleared,,Cleared,"All AWS hardening document to be filled by vendor
Soc2 type report under review",11/21/2025,,,
41,MoveInSync,MoveInSync Technology Solutions Private Limited,MoveInSync’s Employee Transport Solution automates employee transport for organizations that provide transportation to their employees.,RITM0042394,Admin,ganapathi@titan.co.in,In-Progress,Cleared,,In Progress,Cleared for web. Sunitha has to review mobile VAPT reports. 06-01-2026 sunitha mailed for vulnerabilities remediation,Cleared,"SSO and JML supported for the web application, mobile applicaiton it's not possible",In Progress,"vendor have internal soc, 6-jan-26,soc Questionarie sent to proofs ",Cleared,SOC2 type report is valid,11/21/2025,,,
42,"Nameplate Application 
(Code365)",,Device/Pheripharals QR generation,0,,,Completed,Cleared,,Cleared,,Cleared,UAT SSO has been configured,Cleared,Yes,Cleared,Provided all security controls IAAS level by InfoSec Team,6/16/2025,,,
43,Navigation Display,,Titan Campus route navigation app like meeting room etc,0,CORP-HR,ganapathi@titan.co.in,Completed,Cleared,,Cleared,Not Applicable,Cleared,Its Kiosk based solution with Local Login with the Vendor only and will not be accessible with Titan ID hence no SSO ,Cleared,No,Cleared,Railway cloud .Artifacts is pending,7/28/2025,,,
44,Nayagra platform (IBMS server),four corners technologies,"Energy Meter :
Niagara 4 is used for building automation, monitoring, and control across HVAC, lighting, energy Meters. It uses native features like trend logs, alarms, schedules, and rule-based logic to automate and optimize building operations.",RITM0042311,Corp-Admin,shruthibn@titan.co.in,Completed,Cleared,Not Required,Cleared,Not Applicable,Cleared,Not Required,Cleared,,Cleared,NA,,,,
45,Nogrunt Tool,Qualitrix company,Website functional testing ,0,Perumal G,suganneshan@titan.co.in,In-Progress,Cleared,,In Progress,12-12-2025 we have received UAT URL and Test credentials. Testing initiated from our end,Cleared,"SSO - Enabled SAML2.0
SCIM/AutoProvisioing - Manual Provisioning, 
User Count:  50-80 Users (25-50FTE &  25-30NonFTE)",Cleared,"Yes, Inhouse",Cleared,"ECOM vertical is going use Titan AWS account  
ECOM-SITETESTRUNNER-DEV",11/17/2025,,,
46,Nymble up,Nymble up,Audit the SOPs of all the stores -Digitization (Automation),0,IBD,kamaladass@titan.co.in,In-Progress,Cleared,,In Progress,29-10-2025 we have received an email to do VAPT. 30-10-2025 we have delivered the VAPT Report stating vulnerabilities and on 3-12-2025 we did the revalidation Web app VAPT - 3 high 4 medium vulnerabilities are yet to be fixed by dev team,In Progress,SSO & JML vendor to confirm,In Progress,"Email sent to get Arifacts, no Soc2 report",Cleared,Reviewed the GCP Hardening CIS Benchmark and verified that all critical and high-severity security controls are enabled,10/10/2025,,,
47,Oracle EBS,Rostan Technologies Pvt Ltd,integration of Oracle EBS with the Indian Government’s IRP portal via the GSP API,RITM0042221,Jewellery-,selvamurugan@titan.co.in,Completed,Cleared,,Cleared,Not Applicable,Cleared,Not Applicable,Cleared,Not Applicable,Cleared,NA,,,,
48,Phenom (Career Platform)- AI,Phenom,Titan Recruitement portal,RITM0045138,IBD,senthilkumaru@titan.co.in,In-Progress,Cleared,,In Progress,9-12-2025 we have received and 12-12-2025 we have requested for SBOM,Cleared,"SSO & JML it will support, User count will be 100+",Cleared,Yes,Cleared,Based on the SOC2 type 2 report Major security controls are enabled,12/11/2025,,,
49,Phone Pe,Phone P (e-EGHS),Intregration with phone pay -GHS /Rivaah wedding Jewellery,0,Jewellery/SP,Bikash@titan.co.in,Completed,Cleared,"Triggered Pre-Assessment | Bikash responded he's not the Titan SPOC , awaiting details, reminder sent on 17-12-2025",Cleared,,Cleared,"SSO - Not Required (PhonePe and Titan Store will consume the data over API which PhonePe exposing)
SCIM/AutoProvisioing - NA
User Count: Unknown as will be used by  Consumers ",Cleared,,Cleared,Submitted RBI reports,,,,
50,POS Application,IBD - SCANDIT,Passport Scanning - MRZ Technology,RITM0043146,IBD-JEW,raguramans@titan.co.in,Not Yet Started,yet to connect,,In Progress,Yet to receive VAPT Report after kick off meeting,Yet to connect,"SSO- Yet to connect with the vendor,
SCIM-Yet to connect with the vendor,
User- ",,,,,,,,
51,Product Info Management (PIM)- AI,Vinculum,"Helps you generate and moderate content, streamlines automations and workflows, helps with bulk image transformations. It is an AI Agent which is helping you to write content of the products and list it on multiple Sales Channels",RITM0043043,Innovations-Eyecare Division,naveenn@titan.co.in,In-Progress,Cleared,,In Progress,9-12-2025 we have received the reports and 13-12-2025 we have reviewed and we received SBOM details on 16-12-2025 analyzed and mailed on the same day to update the packages,Cleared,"SSO- Supported  SAML2.0
SCIM-Supported,
User- 16 FTE ",In Progress,"Soc-2 shared, no siem, logs are retined ,06-jan soc questionaries shared",Cleared,"No Soc2 type report is avialable
Submitted security controls artifacts ",11/26/2025,,,
52,Quick Metrix,,,0,CRM,Shalki@titan.co.in,New Request,yet to connect,,,,Yet to connect,,,,,,,,,
53,RPT Application,,,0,Finance,nandansharma@titan.co.in; shivakumar@titan.co.in,New Request,yet to connect,,,,Yet to connect,,,,,,,,,
54,SalesAssist Project ,,,0,Taneria,muruganandham@titan.co.in,Reopen,yet to connect,,Hold,,Hold,"Not being  part of the discussion, Yet to get the details once connected with the team",Hold,,Hold,,,,,
55,SAP Consultation,HTC  Global ,IT consultation and support. They are using our SAP and based on study they are providing consultation on  exiting process optimization .,RITM0043609,TEAL,Piyushb@titan.co.in,Completed,Cleared,,Cleared,,Cleared,,Cleared,,Cleared,,11/12/2025,,,
56,SAP BOT Microsite,No Vendor,SAP User Management - Unlock account and Passowrd reset,RITM0043710,Wearables,Goutam_SG@titan.co.in,Completed,Cleared,Not Applicable - InHouse,Cleared,26-11-2025 we have received for testing and 2-12-2025 we have sent the report and on 5-12-2025 we have got the request to retest. Retesting in progress -  we will be sharing report on 18-12-2025,Cleared,"SSO- Not required,the application  is used to reset the password of their own SAP login password  ( Can be linked to My apps but yet be confirmed by the application team)
SCIM-NA,
Usercount- Around 5000",Cleared,"Not Applicable, Sap will not allow to integrate",Cleared,Not Applicable,11/26/2025,,,
57,SAP ESM (Service cloud V2),PWC,HR Ticketing system for HR related help,RITM0042438,People Function,bhaveshsolanki@titan.co.in/venkatareddyv@titan.co.in,In-Progress,Cleared,,In Progress,12-12-2025 we have received the report. 16-12-2025 we have requested for artifacts and SBOm analysis. 17-12-2025 we got a revert with artifacts and we are good with the report and again did a follow up for SBOM,Yet to connect,,check,,Cleared,Based on the SOC2 type 2 report Major security controls are enabled,10/23/2025,,,
58,SAP implementation services,YASH Technologies Pvt Ltd,"YASH Technologies is providing Titan Company with SAP SuccessFactors implementation services to enhance its performance. Additionally, YASH offers Application Management Services (AMS), delivering enterprise-level SAP support. The AMS services aim to lower Titan's operational costs, improve its operational efficiency, and increase end-user satisfaction. Furthermore, YASH's AMS services help reduce incidents and turn operational expenses into capital investments for Titan Company.",0,HR,venkatareddyv@titan.co.in; bhaveshsolanki@titan.co.in,Closed,Closed,,Cleared,,Closed,Not Required with App Onboarding,Closed,,Closed,,,,,
59,SAP SAC (Analytics Cloud),Hornbill Labs,All Titan employees analytics count-Dashboarding tool,RITM0045595,HR,akshatv@titan.co.in,In-Progress,In progress,"Risks highlighted to vendor team, awaiting for artifacts",In Progress,17-12-2025 we had a meeting and waiting for the report,Yet to connect,,NA,"No SIEM enabled, Log Store Yes(Need evidence)",Cleared,Based on SAP Cloud Analytics SOC 2 certified,,,,
60,Selyek Discussion,Digital lock,Store Lock system,0,Corp-Admin,imansingh@titan.co.in,Reopen,Cleared,,Hold,,Hold,Yet to get the details once connected with the application team,Hold,,Hold,,9/25/2025,,,
61,Simpliance Vendor / TAMS,Aparajitha,"Manufacturing contract employee management, Payroll module and compliance",RITM0042641,People Function/HR,,Closed,Closed,,Cleared,Report is alright but libraries of front end back end and database is outdated,Closed,"SSO- For Simpliance SSO is supported and for TAMS Not feasable as of now it may take sometime to implement SSO updated by vendor ,
SCIM-Not feasable for both Simplaince and TAMS as of now confirmed by  vendor,
User- 25 FTE users",Closed,No SOC,Closed,,10/24/2025,,,
62,Social Listening Tool - Sprinklr,Sprinklr,"Sprinklr Insights will be used by brand team to understand brand health, sentiment analysis, key themes, competitor analysis to drive business decisions. ",RITM0044402,CRM,Shalki@titan.co.in,Completed,Cleared,,Cleared,9-12-2025 we have received SBOM and 13-12-2025 we have requested for artifacts relate to SBOM. 17-12-2025 we had a meeting regarding SBOM and yet to receive SBOM file,Cleared,"SSO is not required as it is social platform , Sprinklr Insights will be used by brand team to understand brand health, sentiment analysis, key themes, competitor analysis to drive business decisions.",NA,Tool search for Brand Name which is Public data.,Cleared,Based on the SOC2 type 2 report Major security controls are enabled,11/27/2025,,,
63,Tata InnoVista,Tata Innovista,"The Scope of Services includes :-
1.Access for Titan Company to participate in Tata Innovista, a group-level Innovation Award, and,
2. Ability to create and conduct other Internal Awards on the platform.
So far, OTDT, Kaizen Mela and Unlike Awards are being conducted on this platform.",RITM0043554,,nirmalj@titan.co.in,Closed,Cleared,,In Progress,we had a meeting on 26-11-2025 Vendor will share latest VAPT report. 11-12-2025 we did follow up on the same,Cleared,Already SSO enabled,Cleared,"vendor has to provde their the SOC tickect resloving time, incidnet handle procedure",Cleared,Not Applicable,11/26/2025,,,
64,Text2SQL Engagement,,,0,,swetha_kv@titan.co.in,Closed,yet to connect,,,,Yet to connect,,,,,,,,,
65,TIAA SS,,Large Audit Data Analytics,RITM0044962,IA,ashishdeshpande@titan.co.in,Not Yet Started,yet to connect,,,,Yet to connect,,,,Cleared,In-House and license based application developed by IA Team,1/9/2026,,,
66,Titan PTP Agentic AI Implementation ,Deliotte,Voice bot -Open AI - Student Voice -CSR project Learing Tools,RITM0042450,Corp-App,ranjanid@titan.co.in,Closed,Closed,,Cleared,,Closed,,Closed,Yes,Closed,,,,,
67,Titan Track & Trace Project,Pinesphere Solutions Pvt Ltd,"The Track and Trace Titan Project is developed to digitize and streamline the manual processes involved in watch factory case manufacturing operations. It includes modules such as User Management, Workflow Management, and Process Tracking for complete traceability and operational accuracy.",RITM0042005,Watch Division/ Electroplating,balajit@titan.co.in,In-Progress,Cleared,,In Progress,11-12-2025 we have requested for report. Yet to receive VAPT Report ,In Progress,"SSO - Planned to integrate, as of now not enabled.
SCIM/AutoProvisioing - To be confirm by Vendor.
User Count: 62 Users - FTE",Cleared,Application hosted in Titan server,Cleared,In-house App,10/24/2025,,,
68,TEAL-WMS(viniculum),Viniculum,"The application is a core operational system used on a daily basis to manage warehouse operations, inventory tracking, order processing, and logistics workflows. Any unavailability or degradation of this application would have a direct impact on business operations and service delivery.",RITM0046560,Teal,jothisanthan@titan.co.in,In-Progress,yet to connect,,In-Progress,Yet to receive VAPT Report ,In Progress,,In Progress,new application waiting for details,In-Progress,,1/5/2026,,,
69,Tummoc,Tummoc,Public transport information and booking tickets,RITM0042859,Corp-HR,pramodkumar@titan.co.in,In-Progress,Cleared,,,9-12-2025 we have received e report  and 13-12-2025 we have requested for artifacts relate to SBOM and a proper vapt report. 24-12-2025 we have followed up and 06-01-2026 again did a followup on the report,Cleared,The  app will support mobile platform.  The Application will not be hosted on titan environment as its a public transport app and not required SSO integration.,Cleared,Not requried,In-progress,waiting for the artifacts to assess cloud security,19-11-2025,,,
70,UPSI portal,,Maintains logs of people having access to Unpublished Price Sensitive Information ('UPSI') as mandated by SEBI,RITM0043956,,venkateshraghavan@titan.co.in,In-Progress,In progress,trigerred the pre-assessment on Jan 6th,,12-12-2025 we have received UAT URL and Test credentials. Testing initiated from our end,In Progress,"SSO- SSO not supported,
SCIM-Currenlty manual provisioning Automatic user provisioning not supported,
MFA can be enforced,
User- 100 FTE users ",Cleared,Application hosted in Titan DC,Cleared,Not Applicable,11/21/2025,,,
71,VisitHealth Insurance,VisitHealth Insurance,,0,Eyeplus,tamilarasan@titan.co.in,Completed,Cleared,,Cleared,,Cleared,,Cleared,,Cleared,,11/10/2025,,,
72,VMI Application,Goldratt Consultant,Ready Stock available at the vendor location and Vendor WIP information and Stock levels of each SKUs.,RITM0042684,Jewellery-Hosur,ullascg@titan.co.in,Closed,Cleared,Not Applicable - InHouse,In Progress,"11-12-2025 we have received UAT URL and Test credentials. Testing initatied. 15-12-2025 we have shared the report. Manual Penetration Testing Vulnerabilities - Critical - 1 High - 3, Medium - 5 ",Yet to connect,"SSO- Waiting for the update from the vendor,
SCIM-Waiting for the update from the vendor,
User- ",,,Cleared,Not Applicable,11/27/2025,,,
73,Voice Bot CRM Intelekt AI,,To automate L1 interactions at the contact centre with the help of AI voicebot,RITM0043802,CRM,shalkiv@titan.co.in,Closed,Closed,Under review,Cleared,,Closed,,Closed,,Closed,,11/26/2025,,,
74,VR Application, 8th Wall,To serve AR content to Titan Stellar Watch Customers,RITM0044728,,shubhangidash@titan.co.in ;santoshgupta@titan.co.in,Not Yet Started,Cleared,Not required,,,Yet to connect,,,,,,12/4/2025,,,
75,ZenDynamix,ZenDynamix,Eyeplus Lens order tracker from store to factory and vice-versa,0,Eyeplus,naveenn@titan.co.in,In-Progress,Cleared,,In Progress,Project is under implementation,Yet to connect,,In Progress,AWS security enabled Infra level and network level and handed over to Naveen and team,Cleared,AWS security enabled Infra level and network level and handed over to Naveen and team,10/12/2025,,,
76,Watch running test,Jetson AGX Orin,To check the time in assembled watch head ,0,Watches & Wearables-Hosur QC,nagabushan@titan.co.in; rengarajulug@titan.co.in,Completed,Cleared,Not Required,Cleared,Not Applicable,Cleared,Not Applicable,Cleared,Not Applicable,Cleared,NA,7/10/2025,,,
77,WMS System(viniculum),vinculumgroup,"Ware House Management for Eyeplus products -Purchase, Inventory, order and return managements",RITM0042934,Eyeplus,sathishkumard@titan.co.in,Closed,Cleared,,In Progress,4/11/2025 we have received the report and 6-11-2025 we have requested for proper grey box report. yet to receive frm the team. reminder is done,Yet to connect,Call will be scheduled by the Partner for the SSO an SCIM feabilibility,,,In-progress,"SOC2 type 2 is not valid 
security controls still not having evidances 
The team will provide new report",8/27/2025,,,
78,chat_audit_system,,auditing chat system,RITM0045135,, avinashhanwat@titan.co.in,In-Progress,Cleared,In house development - TPRM not applicable,In Progress,3-12-2025 we have initiated testing with esecforte. Currently testing is in hold as dev team needs to update on ips getting blocked to testing team,Yet to connect,,yet to connect,"Email sent to get Arifacts, no Soc2 report",yet to connect,,,,,
79,Pragati - Thought Sutra Engagement Platform,thoughtsutra,It is an ESG initiative in Sustainability,RITM0046261,Corp-App,pramodkumar@titan.co.in,In-Progress,Cleared,,,31-12-2025 we have sent report 3 high 3 medium. 5-1-2026 we have retested 3 high 1 medium are yet to be fixed by dev team,Cleared,Not Applicable,In Progress,Planning to onboard indusface waf,Cleared,Only VAPT review is enough,,,,
80,GitHub,,,RITM0046306,,HDNetworkTEAL@titan.co.in,Not Yet Started,,,,,,,,,,,,,,
81,Celebration portals for the stores,Dechub,,,,,New Request,,,,,,,,,,,,,,
82,Jarvis CCTV Integration for Retail Stores,Staqu Technologies,Push CCTV video on cloud to auto generate insights and alerts,RITM0046944,Taneira and IRTH ,muruganandham@titan.co.in,In-Progress,,,,,,,,,In-Progress,SOC 2 type 2 report under review,1/6/2026,,,
83,CRM portal of FCM,,,,Admin,Bhartimalhotra@titan.co.in,New Request,,,,,,,,,,,,,,
84,Order Tracking Application,,,RITM0047310,Eyeplus,SundaramoorthyL@titan.co.in,New Request,yet to connect,,,,Cleared,SSO & JML Not applicable,,,,,12/1/2026,,,
85,SKINN Blog Page,,,,,surabhi_Shivanand@titan.co.in,New Request,,,,,,,,,,,,,,
86,Titan AI Client,Inhouse,,,,gautamp@titan.co.in,In-Progress,,,In Progress,Test in progress,,,,,,,,,,
87,Joget low code platform,,,,,sankararaman@titan.co.in/shivah@titan.co.in,New Request,TPRM Not initiated,,,,,,,,,,,,,
88,Dashloc,,"DashLoc empowers enterprise retail brands with a 360-degree platform, driving discovery, presence, engagement, and conversion",RITM0047445,Eyeplus,naveenn@titan.co.in,New Request,TPRM Not initiated,,,,,,,,,,,,,
89,TiaraNxt_RFID,,"Efficient inventory management, real-time tracking, and enhanced security of high-value items.",RITM0047584,Jewellery,dona@titan.co.in,New Request,TPRM Not initiated,,,,,,,,,,,,,
90,Jewel Match AI-POC,in-house,"To design, build, and validate the feasibility of an AI-driven visual similarity search platform",RITM0047566,TBD,,New Request,,,,,,,,,,,,,,
91,The Third Eye ( OCG-IDEA)-AI,https://ocg-idea.titan.in/,PWC (In-House),,Corp Apps,,In-Progress,,,,,,,,,,,,,,
92,Gold Rate API EPOS for Display purpose,,Gold Rate API EPOS for Display purpose at Jew BTQs,RITM0047613,Jewellery ,sridhara@titan.co.in,New Request,,,,,,,,,,,,,,
93,GL Transaction Monitoring,,Monitoring GL transacition in ERP,RITM0047811,Finance,roshanjain@titan.co.in ,,,,,,,,,,,,,,,
,,,,,,,,,,,,,,,,,,,,,
